STRUCTURE,STRUCTURE_ID,STRUCTURE_NAME,ACTION,REF_AREA,Reference area,FREQ,Frequency of observation,MEASURE,Measure,ACTIVITY,Economic activity,UNIT_MEASURE,Unit of measure,PRICE_BASE,Price base,TRANSFORMATION,Transformation,ADJUSTMENT,Adjustment,CONVERSION_TYPE,Conversion type,TIME_PERIOD,Time period,OBS_VALUE,Observation value,OBS_STATUS,Observation status,UNIT_MULT,Unit multiplier,BASE_PER,Base period,DECIMALS,Decimals
DATAFLOW,OECD.SDD.TPS:DSD_PDB@DF_PDB_GR(1.0),Productivity growth rates,I,GBR,United Kingdom,A,Annual,GDPHRS,GDP per hour worked,_T,Total - all activities,IX,Index,Q,Constant prices,_Z,Not applicable,_Z,Not applicable,_Z,Not applicable,2005,,95.0159447446274,,A,Normal value,0,Units,2015,,2,Two
DATAFLOW,OECD.SDD.TPS:DSD_PDB@DF_PDB_GR(1.0),Productivity growth rates,I,GBR,United Kingdom,A,Annual,GDPHRS,GDP per hour worked,_T,Total - all activities,IX,Index,Q,Constant prices,_Z,Not applicable,_Z,Not applicable,_Z,Not applicable,2004,,94.1288269359755,,A,Normal value,0,Units,2015,,2,Two
DATAFLOW,OECD.SDD.TPS:DSD_PDB@DF_PDB_GR(1.0),Productivity growth rates,I,GBR,United Kingdom,A,Annual,GDPHRS,GDP per hour worked,_T,Total - all activities,IX,Index,Q,Constant prices,_Z,Not applicable,_Z,Not applicable,_Z,Not applicable,2003,,92.909554081479,,A,Normal value,0,Units,2015,,2,Two
DATAFLOW,OECD.SDD.TPS:DSD_PDB@DF_PDB_GR(1.0),Productivity growth rates,I,GBR,United Kingdom,A,Annual,GDPHRS,GDP per hour worked,_T,Total - all activities,IX,Index,Q,Constant prices,_Z,Not applicable,_Z,Not applicable,_Z,Not applicable,2002,,90.4445166126014,,A,Normal value,0,Units,2015,,2,Two
DATAFLOW,OECD.SDD.TPS:DSD_PDB@DF_PDB_GR(1.0),Productivity growth rates,I,GBR,United Kingdom,A,Annual,GDPHRS,GDP per hour worked,_T,Total - all activities,IX,Index,Q,Constant prices,_Z,Not applicable,_Z,Not applicable,_Z,Not applicable,2001,,88.5079455493453,,A,Normal value,0,Units,2015,,2,Two
DATAFLOW,OECD.SDD.TPS:DSD_PDB@DF_PDB_GR(1.0),Productivity growth rates,I,EU27_2020,European Union (27 countries from 01/02/2020),A,Annual,GDPHRS,GDP per hour worked,_T,Total - all activities,IX,Index,Q,Constant prices,_Z,Not applicable,_Z,Not applicable,_Z,Not applicable,2006,,92.4296817902746,,A,Normal value,0,Units,2015,,2,Two
DATAFLOW,OECD.SDD.TPS:DSD_PDB@DF_PDB_GR(1.0),Productivity growth rates,I,EU27_2020,European Union (27 countries from 01/02/2020),A,Annual,GDPHRS,GDP per hour worked,_T,Total - all activities,IX,Index,Q,Constant prices,_Z,Not applicable,_Z,Not applicable,_Z,Not applicable,2005,,90.8864711682621,,A,Normal value,0,Units,2015,,2,Two
DATAFLOW,OECD.SDD.TPS:DSD_PDB@DF_PDB_GR(1.0),Productivity growth rates,I,GBR,United Kingdom,A,Annual,GDPHRS,GDP per hour worked,_T,Total - all activities,IX,Index,Q,Constant prices,_Z,Not applicable,_Z,Not applicable,_Z,Not applicable,2016,,99.4003740612882,,A,Normal value,0,Units,2015,,2,Two
DATAFLOW,OECD.SDD.TPS:DSD_PDB@DF_PDB_GR(1.0),Productivity growth rates,I,GBR,United Kingdom,A,Annual,GDPHRS,GDP per hour worked,_T,Total - all activities,IX,Index,Q,Constant prices,_Z,Not applicable,_Z,Not applicable,_Z,Not applicable,2015,,100,,A,Normal value,0,Units,2015,,2,Two
DATAFLOW,OECD.SDD.TPS:DSD_PDB@DF_PDB_GR(1.0),Productivity growth rates,I,GBR,United Kingdom,A,Annual,GDPHRS,GDP per hour worked,_T,Total - all activities,IX,Index,Q,Constant prices,_Z,Not applicable,_Z,Not applicable,_Z,Not applicable,2014,,98.4247879899797,,A,Normal value,0,Units,2015,,2,Two
DATAFLOW,OECD.SDD.TPS:DSD_PDB@DF_PDB_GR(1.0),Productivity growth rates,I,GBR,United Kingdom,A,Annual,GDPHRS,GDP per hour worked,_T,Total - all activities,IX,Index,Q,Constant prices,_Z,Not applicable,_Z,Not applicable,_Z,Not applicable,2013,,98.2064234205197,,A,Normal value,0,Units,2015,,2,Two
DATAFLOW,OECD.SDD.TPS:DSD_PDB@DF_PDB_GR(1.0),Productivity growth rates,I,GBR,United Kingdom,A,Annual,GDPHRS,GDP per hour worked,_T,Total - all activities,IX,Index,Q,Constant prices,_Z,Not applicable,_Z,Not applicable,_Z,Not applicable,2012,,97.7336032328105,,A,Normal value,0,Units,2015,,2,Two
DATAFLOW,OECD.SDD.TPS:DSD_PDB@DF_PDB_GR(1.0),Productivity growth rates,I,GBR,United Kingdom,A,Annual,GDPHRS,GDP per hour worked,_T,Total - all activities,IX,Index,Q,Constant prices,_Z,Not applicable,_Z,Not applicable,_Z,Not applicable,2011,,98.3531330582371,,A,Normal value,0,Units,2015,,2,Two
DATAFLOW,OECD.SDD.TPS:DSD_PDB@DF_PDB_GR(1.0),Productivity growth rates,I,GBR,United Kingdom,A,Annual,GDPHRS,GDP per hour worked,_T,Total - all activities,IX,Index,Q,Constant prices,_Z,Not applicable,_Z,Not applicable,_Z,Not applicable,2010,,98.2495979305937,,A,Normal value,0,Units,2015,,2,Two
DATAFLOW,OECD.SDD.TPS:DSD_PDB@DF_PDB_GR(1.0),Productivity growth rates,I,GBR,United Kingdom,A,Annual,GDPHRS,GDP per hour worked,_T,Total - all activities,IX,Index,Q,Constant prices,_Z,Not applicable,_Z,Not applicable,_Z,Not applicable,2009,,95.7656462543488,,A,Normal value,0,Units,2015,,2,Two
DATAFLOW,OECD.SDD.TPS:DSD_PDB@DF_PDB_GR(1.0),Productivity growth rates,I,GBR,United Kingdom,A,Annual,GDPHRS,GDP per hour worked,_T,Total - all activities,IX,Index,Q,Constant prices,_Z,Not applicable,_Z,Not applicable,_Z,Not applicable,2008,,98.2120916840093,,A,Normal value,0,Units,2015,,2,Two
DATAFLOW,OECD.SDD.TPS:DSD_PDB@DF_PDB_GR(1.0),Productivity growth rates,I,GBR,United Kingdom,A,Annual,GDPHRS,GDP per hour worked,_T,Total - all activities,IX,Index,Q,Constant prices,_Z,Not applicable,_Z,Not applicable,_Z,Not applicable,2018,,101.576501996917,,A,Normal value,0,Units,2015,,2,Two
DATAFLOW,OECD.SDD.TPS:DSD_PDB@DF_PDB_GR(1.0),Productivity growth rates,I,GBR,United Kingdom,A,Annual,GDPHRS,GDP per hour worked,_T,Total - all activities,IX,Index,Q,Constant prices,_Z,Not applicable,_Z,Not applicable,_Z,Not applicable,2017,,101.366348157387,,A,Normal value,0,Units,2015,,2,Two
DATAFLOW,OECD.SDD.TPS:DSD_PDB@DF_PDB_GR(1.0),Productivity growth rates,I,GBR,United Kingdom,A,Annual,GDPHRS,GDP per hour worked,_T,Total - all activities,IX,Index,Q,Constant prices,_Z,Not applicable,_Z,Not applicable,_Z,Not applicable,2023,,103.599605183156,,A,Normal value,0,Units,2015,,2,Two
DATAFLOW,OECD.SDD.TPS:DSD_PDB@DF_PDB_GR(1.0),Productivity growth rates,I,GBR,United Kingdom,A,Annual,GDPHRS,GDP per hour worked,_T,Total - all activities,IX,Index,Q,Constant prices,_Z,Not applicable,_Z,Not applicable,_Z,Not applicable,2022,,103.990176919243,,A,Normal value,0,Units,2015,,2,Two
DATAFLOW,OECD.SDD.TPS:DSD_PDB@DF_PDB_GR(1.0),Productivity growth rates,I,GBR,United Kingdom,A,Annual,GDPHRS,GDP per hour worked,_T,Total - all activities,IX,Index,Q,Constant prices,_Z,Not applicable,_Z,Not applicable,_Z,Not applicable,2021,,103.241733196715,,A,Normal value,0,Units,2015,,2,Two
DATAFLOW,OECD.SDD.TPS:DSD_PDB@DF_PDB_GR(1.0),Productivity growth rates,I,GBR,United Kingdom,A,Annual,GDPHRS,GDP per hour worked,_T,Total - all activities,IX,Index,Q,Constant prices,_Z,Not applicable,_Z,Not applicable,_Z,Not applicable,2020,,104.007689720439,,A,Normal value,0,Units,2015,,2,Two
DATAFLOW,OECD.SDD.TPS:DSD_PDB@DF_PDB_GR(1.0),Productivity growth rates,I,EU27_2020,European Union (27 countries from 01/02/2020),A,Annual,GDPHRS,GDP per hour worked,_T,Total - all activities,IX,Index,Q,Constant prices,_Z,Not applicable,_Z,Not applicable,_Z,Not applicable,1998,,79.8662807739834,,A,Normal value,0,Units,2015,,2,Two
DATAFLOW,OECD.SDD.TPS:DSD_PDB@DF_PDB_GR(1.0),Productivity growth rates,I,EU27_2020,European Union (27 countries from 01/02/2020),A,Annual,GDPHRS,GDP per hour worked,_T,Total - all activities,IX,Index,Q,Constant prices,_Z,Not applicable,_Z,Not applicable,_Z,Not applicable,2017,,102.096279818525,,A,Normal value,0,Units,2015,,2,Two
DATAFLOW,OECD.SDD.TPS:DSD_PDB@DF_PDB_GR(1.0),Productivity growth rates,I,EU27_2020,European Union (27 countries from 01/02/2020),A,Annual,GDPHRS,GDP per hour worked,_T,Total - all activities,IX,Index,Q,Constant prices,_Z,Not applicable,_Z,Not applicable,_Z,Not applicable,2002,,87.5799285296999,,A,Normal value,0,Units,2015,,2,Two
DATAFLOW,OECD.SDD.TPS:DSD_PDB@DF_PDB_GR(1.0),Productivity growth rates,I,EU27_2020,European Union (27 countries from 01/02/2020),A,Annual,GDPHRS,GDP per hour worked,_T,Total - all activities,IX,Index,Q,Constant prices,_Z,Not applicable,_Z,Not applicable,_Z,Not applicable,2001,,85.9130963807295,,A,Normal value,0,Units,2015,,2,Two
DATAFLOW,OECD.SDD.TPS:DSD_PDB@DF_PDB_GR(1.0),Productivity growth rates,I,EU27_2020,European Union (27 countries from 01/02/2020),A,Annual,GDPHRS,GDP per hour worked,_T,Total - all activities,IX,Index,Q,Constant prices,_Z,Not applicable,_Z,Not applicable,_Z,Not applicable,2000,,84.198194250748,,A,Normal value,0,Units,2015,,2,Two
DATAFLOW,OECD.SDD.TPS:DSD_PDB@DF_PDB_GR(1.0),Productivity growth rates,I,EU27_2020,European Union (27 countries from 01/02/2020),A,Annual,GDPHRS,GDP per hour worked,_T,Total - all activities,IX,Index,Q,Constant prices,_Z,Not applicable,_Z,Not applicable,_Z,Not applicable,1999,,81.5418329684477,,A,Normal value,0,Units,2015,,2,Two
DATAFLOW,OECD.SDD.TPS:DSD_PDB@DF_PDB_GR(1.0),Productivity growth rates,I,EU27_2020,European Union (27 countries from 01/02/2020),A,Annual,GDPHRS,GDP per hour worked,_T,Total - all activities,IX,Index,Q,Constant prices,_Z,Not applicable,_Z,Not applicable,_Z,Not applicable,2019,,103.927844082597,,A,Normal value,0,Units,2015,,2,Two
DATAFLOW,OECD.SDD.TPS:DSD_PDB@DF_PDB_GR(1.0),Productivity growth rates,I,EU27_2020,European Union (27 countries from 01/02/2020),A,Annual,GDPHRS,GDP per hour worked,_T,Total - all activities,IX,Index,Q,Constant prices,_Z,Not applicable,_Z,Not applicable,_Z,Not applicable,2018,,102.784181936467,,A,Normal value,0,Units,2015,,2,Two
DATAFLOW,OECD.SDD.TPS:DSD_PDB@DF_PDB_GR(1.0),Productivity growth rates,I,EU27_2020,European Union (27 countries from 01/02/2020),A,Annual,GDPHRS,GDP per hour worked,_T,Total - all activities,IX,Index,Q,Constant prices,_Z,Not applicable,_Z,Not applicable,_Z,Not applicable,2016,,100.362907710149,,A,Normal value,0,Units,2015,,2,Two
DATAFLOW,OECD.SDD.TPS:DSD_PDB@DF_PDB_GR(1.0),Productivity growth rates,I,EU27_2020,European Union (27 countries from 01/02/2020),A,Annual,GDPHRS,GDP per hour worked,_T,Total - all activities,IX,Index,Q,Constant prices,_Z,Not applicable,_Z,Not applicable,_Z,Not applicable,2015,,100,,A,Normal value,0,Units,2015,,2,Two
DATAFLOW,OECD.SDD.TPS:DSD_PDB@DF_PDB_GR(1.0),Productivity growth rates,I,EU27_2020,European Union (27 countries from 01/02/2020),A,Annual,GDPHRS,GDP per hour worked,_T,Total - all activities,IX,Index,Q,Constant prices,_Z,Not applicable,_Z,Not applicable,_Z,Not applicable,2014,,98.6168961225093,,A,Normal value,0,Units,2015,,2,Two
DATAFLOW,OECD.SDD.TPS:DSD_PDB@DF_PDB_GR(1.0),Productivity growth rates,I,EU27_2020,European Union (27 countries from 01/02/2020),A,Annual,GDPHRS,GDP per hour worked,_T,Total - all activities,IX,Index,Q,Constant prices,_Z,Not applicable,_Z,Not applicable,_Z,Not applicable,2013,,97.9216419347755,,A,Normal value,0,Units,2015,,2,Two
DATAFLOW,OECD.SDD.TPS:DSD_PDB@DF_PDB_GR(1.0),Productivity growth rates,I,EU27_2020,European Union (27 countries from 01/02/2020),A,Annual,GDPHRS,GDP per hour worked,_T,Total - all activities,IX,Index,Q,Constant prices,_Z,Not applicable,_Z,Not applicable,_Z,Not applicable,2012,,97.0125064273138,,A,Normal value,0,Units,2015,,2,Two
DATAFLOW,OECD.SDD.TPS:DSD_PDB@DF_PDB_GR(1.0),Productivity growth rates,I,EU27_2020,European Union (27 countries from 01/02/2020),A,Annual,GDPHRS,GDP per hour worked,_T,Total - all activities,IX,Index,Q,Constant prices,_Z,Not applicable,_Z,Not applicable,_Z,Not applicable,2011,,96.5048073973205,,A,Normal value,0,Units,2015,,2,Two
DATAFLOW,OECD.SDD.TPS:DSD_PDB@DF_PDB_GR(1.0),Productivity growth rates,I,EU27_2020,European Union (27 countries from 01/02/2020),A,Annual,GDPHRS,GDP per hour worked,_T,Total - all activities,IX,Index,Q,Constant prices,_Z,Not applicable,_Z,Not applicable,_Z,Not applicable,2010,,94.6958829434059,,A,Normal value,0,Units,2015,,2,Two
DATAFLOW,OECD.SDD.TPS:DSD_PDB@DF_PDB_GR(1.0),Productivity growth rates,I,EU27_2020,European Union (27 countries from 01/02/2020),A,Annual,GDPHRS,GDP per hour worked,_T,Total - all activities,IX,Index,Q,Constant prices,_Z,Not applicable,_Z,Not applicable,_Z,Not applicable,2009,,92.0248181904001,,A,Normal value,0,Units,2015,,2,Two
DATAFLOW,OECD.SDD.TPS:DSD_PDB@DF_PDB_GR(1.0),Productivity growth rates,I,EU27_2020,European Union (27 countries from 01/02/2020),A,Annual,GDPHRS,GDP per hour worked,_T,Total - all activities,IX,Index,Q,Constant prices,_Z,Not applicable,_Z,Not applicable,_Z,Not applicable,2008,,93.0888620894305,,A,Normal value,0,Units,2015,,2,Two
DATAFLOW,OECD.SDD.TPS:DSD_PDB@DF_PDB_GR(1.0),Productivity growth rates,I,EU27_2020,European Union (27 countries from 01/02/2020),A,Annual,GDPHRS,GDP per hour worked,_T,Total - all activities,IX,Index,Q,Constant prices,_Z,Not applicable,_Z,Not applicable,_Z,Not applicable,2007,,93.3230760362014,,A,Normal value,0,Units,2015,,2,Two
DATAFLOW,OECD.SDD.TPS:DSD_PDB@DF_PDB_GR(1.0),Productivity growth rates,I,GBR,United Kingdom,A,Annual,GDPHRS,GDP per hour worked,_T,Total - all activities,IX,Index,Q,Constant prices,_Z,Not applicable,_Z,Not applicable,_Z,Not applicable,2000,,87.2224025409374,,A,Normal value,0,Units,2015,,2,Two
DATAFLOW,OECD.SDD.TPS:DSD_PDB@DF_PDB_GR(1.0),Productivity growth rates,I,GBR,United Kingdom,A,Annual,GDPHRS,GDP per hour worked,_T,Total - all activities,IX,Index,Q,Constant prices,_Z,Not applicable,_Z,Not applicable,_Z,Not applicable,1999,,83.8313639082292,,A,Normal value,0,Units,2015,,2,Two
DATAFLOW,OECD.SDD.TPS:DSD_PDB@DF_PDB_GR(1.0),Productivity growth rates,I,GBR,United Kingdom,A,Annual,GDPHRS,GDP per hour worked,_T,Total - all activities,IX,Index,Q,Constant prices,_Z,Not applicable,_Z,Not applicable,_Z,Not applicable,1998,,81.950088296454,,A,Normal value,0,Units,2015,,2,Two
DATAFLOW,OECD.SDD.TPS:DSD_PDB@DF_PDB_GR(1.0),Productivity growth rates,I,EU27_2020,European Union (27 countries from 01/02/2020),A,Annual,GDPHRS,GDP per hour worked,_T,Total - all activities,IX,Index,Q,Constant prices,_Z,Not applicable,_Z,Not applicable,_Z,Not applicable,2003,,88.408663880592,,A,Normal value,0,Units,2015,,2,Two
DATAFLOW,OECD.SDD.TPS:DSD_PDB@DF_PDB_GR(1.0),Productivity growth rates,I,EU27_2020,European Union (27 countries from 01/02/2020),A,Annual,GDPHRS,GDP per hour worked,_T,Total - all activities,IX,Index,Q,Constant prices,_Z,Not applicable,_Z,Not applicable,_Z,Not applicable,2004,,89.8370233522457,,A,Normal value,0,Units,2015,,2,Two
DATAFLOW,OECD.SDD.TPS:DSD_PDB@DF_PDB_GR(1.0),Productivity growth rates,I,EU27_2020,European Union (27 countries from 01/02/2020),A,Annual,GDPHRS,GDP per hour worked,_T,Total - all activities,IX,Index,Q,Constant prices,_Z,Not applicable,_Z,Not applicable,_Z,Not applicable,2023,,105.898808231321,,A,Normal value,0,Units,2015,,2,Two
DATAFLOW,OECD.SDD.TPS:DSD_PDB@DF_PDB_GR(1.0),Productivity growth rates,I,EU27_2020,European Union (27 countries from 01/02/2020),A,Annual,GDPHRS,GDP per hour worked,_T,Total - all activities,IX,Index,Q,Constant prices,_Z,Not applicable,_Z,Not applicable,_Z,Not applicable,2022,,106.496887821785,,A,Normal value,0,Units,2015,,2,Two
DATAFLOW,OECD.SDD.TPS:DSD_PDB@DF_PDB_GR(1.0),Productivity growth rates,I,EU27_2020,European Union (27 countries from 01/02/2020),A,Annual,GDPHRS,GDP per hour worked,_T,Total - all activities,IX,Index,Q,Constant prices,_Z,Not applicable,_Z,Not applicable,_Z,Not applicable,2021,,105.817964356459,,A,Normal value,0,Units,2015,,2,Two
DATAFLOW,OECD.SDD.TPS:DSD_PDB@DF_PDB_GR(1.0),Productivity growth rates,I,USA,United States,A,Annual,GDPHRS,GDP per hour worked,_T,Total - all activities,IX,Index,Q,Constant prices,_Z,Not applicable,_Z,Not applicable,_Z,Not applicable,2018,,102.79121925607,,A,Normal value,0,Units,2015,,2,Two
DATAFLOW,OECD.SDD.TPS:DSD_PDB@DF_PDB_GR(1.0),Productivity growth rates,I,USA,United States,A,Annual,GDPHRS,GDP per hour worked,_T,Total - all activities,IX,Index,Q,Constant prices,_Z,Not applicable,_Z,Not applicable,_Z,Not applicable,2017,,101.473770201173,,A,Normal value,0,Units,2015,,2,Two
DATAFLOW,OECD.SDD.TPS:DSD_PDB@DF_PDB_GR(1.0),Productivity growth rates,I,USA,United States,A,Annual,GDPHRS,GDP per hour worked,_T,Total - all activities,IX,Index,Q,Constant prices,_Z,Not applicable,_Z,Not applicable,_Z,Not applicable,2003,,84.6925995758916,,A,Normal value,0,Units,2015,,2,Two
DATAFLOW,OECD.SDD.TPS:DSD_PDB@DF_PDB_GR(1.0),Productivity growth rates,I,USA,United States,A,Annual,GDPHRS,GDP per hour worked,_T,Total - all activities,IX,Index,Q,Constant prices,_Z,Not applicable,_Z,Not applicable,_Z,Not applicable,2002,,82.200264433664,,A,Normal value,0,Units,2015,,2,Two
DATAFLOW,OECD.SDD.TPS:DSD_PDB@DF_PDB_GR(1.0),Productivity growth rates,I,USA,United States,A,Annual,GDPHRS,GDP per hour worked,_T,Total - all activities,IX,Index,Q,Constant prices,_Z,Not applicable,_Z,Not applicable,_Z,Not applicable,2001,,79.9750817106901,,A,Normal value,0,Units,2015,,2,Two
DATAFLOW,OECD.SDD.TPS:DSD_PDB@DF_PDB_GR(1.0),Productivity growth rates,I,USA,United States,A,Annual,GDPHRS,GDP per hour worked,_T,Total - all activities,IX,Index,Q,Constant prices,_Z,Not applicable,_Z,Not applicable,_Z,Not applicable,2000,,78.2463402024651,,A,Normal value,0,Units,2015,,2,Two
DATAFLOW,OECD.SDD.TPS:DSD_PDB@DF_PDB_GR(1.0),Productivity growth rates,I,USA,United States,A,Annual,GDPHRS,GDP per hour worked,_T,Total - all activities,IX,Index,Q,Constant prices,_Z,Not applicable,_Z,Not applicable,_Z,Not applicable,1999,,76.1545080456297,,A,Normal value,0,Units,2015,,2,Two
DATAFLOW,OECD.SDD.TPS:DSD_PDB@DF_PDB_GR(1.0),Productivity growth rates,I,USA,United States,A,Annual,GDPHRS,GDP per hour worked,_T,Total - all activities,IX,Index,Q,Constant prices,_Z,Not applicable,_Z,Not applicable,_Z,Not applicable,1998,,73.9737756412694,,A,Normal value,0,Units,2015,,2,Two
DATAFLOW,OECD.SDD.TPS:DSD_PDB@DF_PDB_GR(1.0),Productivity growth rates,I,USA,United States,A,Annual,GDPHRS,GDP per hour worked,_T,Total - all activities,IX,Index,Q,Constant prices,_Z,Not applicable,_Z,Not applicable,_Z,Not applicable,2016,,100.357381293094,,A,Normal value,0,Units,2015,,2,Two
DATAFLOW,OECD.SDD.TPS:DSD_PDB@DF_PDB_GR(1.0),Productivity growth rates,I,USA,United States,A,Annual,GDPHRS,GDP per hour worked,_T,Total - all activities,IX,Index,Q,Constant prices,_Z,Not applicable,_Z,Not applicable,_Z,Not applicable,2015,,100,,A,Normal value,0,Units,2015,,2,Two
DATAFLOW,OECD.SDD.TPS:DSD_PDB@DF_PDB_GR(1.0),Productivity growth rates,I,USA,United States,A,Annual,GDPHRS,GDP per hour worked,_T,Total - all activities,IX,Index,Q,Constant prices,_Z,Not applicable,_Z,Not applicable,_Z,Not applicable,2014,,99.0756735307787,,A,Normal value,0,Units,2015,,2,Two
DATAFLOW,OECD.SDD.TPS:DSD_PDB@DF_PDB_GR(1.0),Productivity growth rates,I,USA,United States,A,Annual,GDPHRS,GDP per hour worked,_T,Total - all activities,IX,Index,Q,Constant prices,_Z,Not applicable,_Z,Not applicable,_Z,Not applicable,2013,,98.5273473538984,,A,Normal value,0,Units,2015,,2,Two
DATAFLOW,OECD.SDD.TPS:DSD_PDB@DF_PDB_GR(1.0),Productivity growth rates,I,USA,United States,A,Annual,GDPHRS,GDP per hour worked,_T,Total - all activities,IX,Index,Q,Constant prices,_Z,Not applicable,_Z,Not applicable,_Z,Not applicable,2012,,97.8403090962869,,A,Normal value,0,Units,2015,,2,Two
DATAFLOW,OECD.SDD.TPS:DSD_PDB@DF_PDB_GR(1.0),Productivity growth rates,I,USA,United States,A,Annual,GDPHRS,GDP per hour worked,_T,Total - all activities,IX,Index,Q,Constant prices,_Z,Not applicable,_Z,Not applicable,_Z,Not applicable,2011,,97.4808702958885,,A,Normal value,0,Units,2015,,2,Two
DATAFLOW,OECD.SDD.TPS:DSD_PDB@DF_PDB_GR(1.0),Productivity growth rates,I,USA,United States,A,Annual,GDPHRS,GDP per hour worked,_T,Total - all activities,IX,Index,Q,Constant prices,_Z,Not applicable,_Z,Not applicable,_Z,Not applicable,2010,,97.4236027816811,,A,Normal value,0,Units,2015,,2,Two
DATAFLOW,OECD.SDD.TPS:DSD_PDB@DF_PDB_GR(1.0),Productivity growth rates,I,USA,United States,A,Annual,GDPHRS,GDP per hour worked,_T,Total - all activities,IX,Index,Q,Constant prices,_Z,Not applicable,_Z,Not applicable,_Z,Not applicable,2009,,94.9166886830103,,A,Normal value,0,Units,2015,,2,Two
DATAFLOW,OECD.SDD.TPS:DSD_PDB@DF_PDB_GR(1.0),Productivity growth rates,I,USA,United States,A,Annual,GDPHRS,GDP per hour worked,_T,Total - all activities,IX,Index,Q,Constant prices,_Z,Not applicable,_Z,Not applicable,_Z,Not applicable,2008,,91.9699074538754,,A,Normal value,0,Units,2015,,2,Two
DATAFLOW,OECD.SDD.TPS:DSD_PDB@DF_PDB_GR(1.0),Productivity growth rates,I,USA,United States,A,Annual,GDPHRS,GDP per hour worked,_T,Total - all activities,IX,Index,Q,Constant prices,_Z,Not applicable,_Z,Not applicable,_Z,Not applicable,2007,,90.8171558562291,,A,Normal value,0,Units,2015,,2,Two
DATAFLOW,OECD.SDD.TPS:DSD_PDB@DF_PDB_GR(1.0),Productivity growth rates,I,USA,United States,A,Annual,GDPHRS,GDP per hour worked,_T,Total - all activities,IX,Index,Q,Constant prices,_Z,Not applicable,_Z,Not applicable,_Z,Not applicable,2006,,89.5441884916944,,A,Normal value,0,Units,2015,,2,Two
DATAFLOW,OECD.SDD.TPS:DSD_PDB@DF_PDB_GR(1.0),Productivity growth rates,I,USA,United States,A,Annual,GDPHRS,GDP per hour worked,_T,Total - all activities,IX,Index,Q,Constant prices,_Z,Not applicable,_Z,Not applicable,_Z,Not applicable,2005,,88.7156202810861,,A,Normal value,0,Units,2015,,2,Two
DATAFLOW,OECD.SDD.TPS:DSD_PDB@DF_PDB_GR(1.0),Productivity growth rates,I,USA,United States,A,Annual,GDPHRS,GDP per hour worked,_T,Total - all activities,IX,Index,Q,Constant prices,_Z,Not applicable,_Z,Not applicable,_Z,Not applicable,2004,,86.9008480867867,,A,Normal value,0,Units,2015,,2,Two
DATAFLOW,OECD.SDD.TPS:DSD_PDB@DF_PDB_GR(1.0),Productivity growth rates,I,USA,United States,A,Annual,GDPHRS,GDP per hour worked,_T,Total - all activities,IX,Index,Q,Constant prices,_Z,Not applicable,_Z,Not applicable,_Z,Not applicable,2023,,112.072421010849,,E,Estimated value,0,Units,2015,,2,Two
DATAFLOW,OECD.SDD.TPS:DSD_PDB@DF_PDB_GR(1.0),Productivity growth rates,I,USA,United States,A,Annual,GDPHRS,GDP per hour worked,_T,Total - all activities,IX,Index,Q,Constant prices,_Z,Not applicable,_Z,Not applicable,_Z,Not applicable,2022,,108.654820171319,,A,Normal value,0,Units,2015,,2,Two
DATAFLOW,OECD.SDD.TPS:DSD_PDB@DF_PDB_GR(1.0),Productivity growth rates,I,USA,United States,A,Annual,GDPHRS,GDP per hour worked,_T,Total - all activities,IX,Index,Q,Constant prices,_Z,Not applicable,_Z,Not applicable,_Z,Not applicable,2021,,110.42775834576,,A,Normal value,0,Units,2015,,2,Two
DATAFLOW,OECD.SDD.TPS:DSD_PDB@DF_PDB_GR(1.0),Productivity growth rates,I,USA,United States,A,Annual,GDPHRS,GDP per hour worked,_T,Total - all activities,IX,Index,Q,Constant prices,_Z,Not applicable,_Z,Not applicable,_Z,Not applicable,2020,,108.932657650481,,A,Normal value,0,Units,2015,,2,Two
DATAFLOW,OECD.SDD.TPS:DSD_PDB@DF_PDB_GR(1.0),Productivity growth rates,I,GBR,United Kingdom,A,Annual,GDPHRS,GDP per hour worked,_T,Total - all activities,IX,Index,Q,Constant prices,_Z,Not applicable,_Z,Not applicable,_Z,Not applicable,2019,,102.07057619139,,A,Normal value,0,Units,2015,,2,Two
DATAFLOW,OECD.SDD.TPS:DSD_PDB@DF_PDB_GR(1.0),Productivity growth rates,I,EU27_2020,European Union (27 countries from 01/02/2020),A,Annual,GDPHRS,GDP per hour worked,_T,Total - all activities,IX,Index,Q,Constant prices,_Z,Not applicable,_Z,Not applicable,_Z,Not applicable,2020,,105.350826086498,,A,Normal value,0,Units,2015,,2,Two
DATAFLOW,OECD.SDD.TPS:DSD_PDB@DF_PDB_GR(1.0),Productivity growth rates,I,USA,United States,A,Annual,GDPHRS,GDP per hour worked,_T,Total - all activities,IX,Index,Q,Constant prices,_Z,Not applicable,_Z,Not applicable,_Z,Not applicable,2019,,104.180553897626,,A,Normal value,0,Units,2015,,2,Two
DATAFLOW,OECD.SDD.TPS:DSD_PDB@DF_PDB_GR(1.0),Productivity growth rates,I,GBR,United Kingdom,A,Annual,GDPHRS,GDP per hour worked,_T,Total - all activities,IX,Index,Q,Constant prices,_Z,Not applicable,_Z,Not applicable,_Z,Not applicable,2007,,98.2372664216001,,A,Normal value,0,Units,2015,,2,Two
DATAFLOW,OECD.SDD.TPS:DSD_PDB@DF_PDB_GR(1.0),Productivity growth rates,I,GBR,United Kingdom,A,Annual,GDPHRS,GDP per hour worked,_T,Total - all activities,IX,Index,Q,Constant prices,_Z,Not applicable,_Z,Not applicable,_Z,Not applicable,2006,,96.825841567133,,A,Normal value,0,Units,2015,,2,Two
